{
    "videoPath": "videos\\sample_1080p.mp4",
    "videoInfo": {
        "width": 1280,
        "height": 720,
        "frameCount": 15691,
        "fps": 24.0,
        "durationSeconds": 653.7916666666666
    },
    "systemInfo": {
        "cpu": {
            "model": "Intel64 Family 6 Model 183 Stepping 1, GenuineIntel",
            "physicalCores": 16,
            "logicalCores": 24,
            "frequencyMHz": 3400.0
        },
        "ram": {
            "totalGB": 31.76,
            "availableGB": 18.75
        }
    },
    "decoders": {
        "pyav": {
            "frameCount": 15691,
            "elapsedTime": 21.625086784362793,
            "fps": 725.5924638113471
        },
        "opencv": {
            "frameCount": 15691,
            "elapsedTime": 18.335514783859253,
            "fps": 855.7709006246599
        },
        "ffmpegRgb": {
            "frameCount": 15691,
            "elapsedTime": 15.58626103401184,
            "fps": 1006.7199545650878
        },
        "ffmpegYuv": {
            "frameCount": 15691,
            "elapsedTime": 17.999486923217773,
            "fps": 871.7470707323315
        },
        "imageio": {
            "frameCount": 15692,
            "elapsedTime": 15.974053621292114,
            "fps": 982.3430152434095
        },
        "torchaudio": {
            "error": "Failed to intialize FFmpeg extension. Tried versions: ['6', '5', '4', '']. Enable DEBUG logging to see more details about the error.",
            "frameCount": 0,
            "elapsedTime": 0,
            "fps": 0
        }
    }
}