{
    "videoPath": "videos\\sample_1080p.mp4",
    "videoInfo": {
        "width": 1280,
        "height": 720,
        "frameCount": 15691,
        "fps": 24.0,
        "durationSeconds": 653.7916666666666
    },
    "systemInfo": {
        "cpu": {
            "model": "Intel64 Family 6 Model 183 Stepping 1, GenuineIntel",
            "physicalCores": 16,
            "logicalCores": 24,
            "frequencyMHz": 3400.0
        },
        "ram": {
            "totalGB": 31.76,
            "availableGB": 18.24
        }
    },
    "decoders": {
        "PyAV": {
            "frameCount": 15691,
            "elapsedTime": 22.072680711746216,
            "fps": 710.8787647913497
        },
        "OpenCV": {
            "frameCount": 15691,
            "elapsedTime": 18.48120951652527,
            "fps": 849.0245179012576
        },
        "FFmpeg-rgb24": {
            "frameCount": 15691,
            "elapsedTime": 15.54512643814087,
            "fps": 1009.3838774769449
        },
        "FFmpeg-yuv420p": {
            "frameCount": 15691,
            "elapsedTime": 19.09562849998474,
            "fps": 821.7063921207169
        },
        "imageio-ffmpeg": {
            "frameCount": 15692,
            "elapsedTime": 15.543076276779175,
            "fps": 1009.5813544609127
        },
        "TorchAudio": {
            "error": "Failed to intialize FFmpeg extension. Tried versions: ['6', '5', '4', '']. Enable DEBUG logging to see more details about the error.",
            "frameCount": 0,
            "elapsedTime": 0,
            "fps": 0
        },
        "ffmpegcv-Block": {
            "frameCount": 15691,
            "elapsedTime": 15.705740690231323,
            "fps": 999.0614457145283
        },
        "ffmpegcv-NoBlock": {
            "frameCount": 15691,
            "elapsedTime": 19.193241119384766,
            "fps": 817.5273734331626
        },
        "Decord-NOT-RECOMMENDED!": {
            "frameCount": 15691,
            "elapsedTime": 12.028346300125122,
            "fps": 1304.5018499206976
        }
    }
}