{
    "videoPath": "videos\\sample_720p.mp4",
    "videoInfo": {
        "width": 1280,
        "height": 720,
        "frameCount": 15691,
        "fps": 24.0,
        "durationSeconds": 653.7916666666666
    },
    "systemInfo": {
        "cpu": {
            "model": "Intel64 Family 6 Model 183 Stepping 1, GenuineIntel",
            "physicalCores": 16,
            "logicalCores": 24,
            "frequencyMHz": 3400.0
        },
        "ram": {
            "totalGB": 31.76,
            "availableGB": 19.57
        }
    },
    "decoders": {
        "PyAV": {
            "frameCount": 15691,
            "elapsedTime": 22.286634922027588,
            "fps": 704.0542484272214
        },
        "OpenCV": {
            "frameCount": 15691,
            "elapsedTime": 24.020938634872437,
            "fps": 653.2217678296953
        },
        "FFmpeg-rgb24": {
            "frameCount": 15691,
            "elapsedTime": 16.004206895828247,
            "fps": 980.429714645223
        },
        "Imageio-ffmpeg": {
            "frameCount": 15692,
            "elapsedTime": 15.974520444869995,
            "fps": 982.3143082232103
        },
        "TorchAudio": {
            "error": "Failed to intialize FFmpeg extension. Tried versions: ['6', '5', '4', '']. Enable DEBUG logging to see more details about the error.",
            "frameCount": 0,
            "elapsedTime": 0,
            "fps": 0
        },
        "FFmpegCV-Block": {
            "frameCount": 15691,
            "elapsedTime": 15.980184078216553,
            "fps": 981.9035827872124
        },
        "FFmpegCV-NoBlock": {
            "frameCount": 15691,
            "elapsedTime": 20.080337047576904,
            "fps": 781.4111866161845
        },
        "Decord": {
            "frameCount": 15691,
            "elapsedTime": 12.119482040405273,
            "fps": 1294.6922935887528
        },
        "Deffcode": {
            "frameCount": 15691,
            "elapsedTime": 15.780584335327148,
            "fps": 994.3231293960008
        }
    }
}