{
    "videoPath": "videos\\sample_1080p.mp4",
    "videoInfo": {
        "width": 1280,
        "height": 720,
        "frameCount": 15691,
        "fps": 24.0,
        "durationSeconds": 653.7916666666666
    },
    "systemInfo": {
        "cpu": {
            "model": "Intel64 Family 6 Model 183 Stepping 1, GenuineIntel",
            "physicalCores": 16,
            "logicalCores": 24,
            "frequencyMHz": 3400.0
        },
        "ram": {
            "totalGB": 31.76,
            "availableGB": 18.31
        }
    },
    "decoders": {
        "PyAV": {
            "frameCount": 15691,
            "elapsedTime": 21.999624967575073,
            "fps": 713.2394312687937
        },
        "OpenCV": {
            "frameCount": 15691,
            "elapsedTime": 19.097911834716797,
            "fps": 821.6081494038734
        },
        "FFmpeg-rgb24": {
            "frameCount": 15691,
            "elapsedTime": 15.692299365997314,
            "fps": 999.9171972209421
        },
        "FFmpeg-yuv420p": {
            "frameCount": 15691,
            "elapsedTime": 18.31081461906433,
            "fps": 856.9252830326452
        },
        "Imageio-ffmpeg": {
            "frameCount": 15692,
            "elapsedTime": 15.670337200164795,
            "fps": 1001.3824080208674
        },
        "TorchAudio": {
            "error": "Failed to intialize FFmpeg extension. Tried versions: ['6', '5', '4', '']. Enable DEBUG logging to see more details about the error.",
            "frameCount": 0,
            "elapsedTime": 0,
            "fps": 0
        },
        "FFmpegCV-Block": {
            "frameCount": 15691,
            "elapsedTime": 15.874759197235107,
            "fps": 988.4244419110865
        },
        "FFmpegCV-NoBlock": {
            "frameCount": 15691,
            "elapsedTime": 19.359604835510254,
            "fps": 810.5020806632822
        },
        "Decord": {
            "frameCount": 15691,
            "elapsedTime": 12.028707265853882,
            "fps": 1304.462703531105
        }
    }
}